"Actor","title","rank"
"Arnold Schwarzenegger","The Game Changers",9
"Arnold Schwarzenegger","Εξολοθρευτής 2: Μέρα κρίσης",8
"Arnold Schwarzenegger","California State of Mind: The Legacy of Pat Brown",8
"Arnold Schwarzenegger","Why We Train",8
"Arnold Schwarzenegger","Die Stille der Unschuld - Der Künstler Gottfried Helnwein",8
"Arnold Schwarzenegger","Ο εξολοθρευτής",8
"Arnold Schwarzenegger","Railroader",7
"Arnold Schwarzenegger","Ο κυνηγός",7
"Arnold Schwarzenegger","Ο Μεγάλος Αποχαιρετισμός",7
"Arnold Schwarzenegger","Bigger Stronger Faster*",7
"Arnold Schwarzenegger","Ολική επαναφορά",7
"Arnold Schwarzenegger","Eddie: Strongman",7
"Arnold Schwarzenegger","Milius",7
"Arnold Schwarzenegger","Pumping Iron",7
"Arnold Schwarzenegger","Nuclear Tipping Point",7
"Arnold Schwarzenegger","Αληθινά ψέματα",7
"Arnold Schwarzenegger","Conor McGregor: Notorious",7
"Arnold Schwarzenegger","Revenge of the Electric Car",7
"Arnold Schwarzenegger","Guardians of the Earth",7
"Arnold Schwarzenegger","Generation Iron",7
"Arnold Schwarzenegger","Gerrymandering",7
"Arnold Schwarzenegger","Tony Curtis: Driven to Stardom",7
"Arnold Schwarzenegger","Κόναν, ο βάρβαρος",6
"Arnold Schwarzenegger","Darfur Now",6
"Arnold Schwarzenegger","Schwarzenegger: Total Rebuild",6
"Arnold Schwarzenegger","Being W",6
"Arnold Schwarzenegger","Ντέιβ: Πρόεδρος για μια μέρα",6
"Arnold Schwarzenegger","Σχέδιο απόδρασης",6
"Arnold Schwarzenegger","Κομάντο",6
"Arnold Schwarzenegger","Ο άτρωτος",6
"Arnold Schwarzenegger","Καλωσήρθατε στη ζούγκλα",6
"Arnold Schwarzenegger","Pursuit of Equality",6
"Arnold Schwarzenegger","Εξολοθρευτής: Γένεsys",6
"Arnold Schwarzenegger","Wonders of the Sea 3D",6
"Arnold Schwarzenegger","Stand Tall",6
"Arnold Schwarzenegger","Μη μου χαλάς τη μέρα",6
"Arnold Schwarzenegger","Al Franken: God Spoke",6
"Arnold Schwarzenegger","Εξολοθρευτής 3: Η εξέγερση των μηχανών",6
"Arnold Schwarzenegger","Ο τελευταίος μεγάλος ήρωας",6
"Arnold Schwarzenegger","Last Party 2000",6
"Arnold Schwarzenegger","Ο μπάτσος του θηριοτροφείου",6
"Arnold Schwarzenegger","Απόλυτη διαγραφή",6
"Arnold Schwarzenegger","Αποστολή εκτός έδρας",6
"Arnold Schwarzenegger","Generation Iron 2",6
"Arnold Schwarzenegger","The Comeback",6
"Arnold Schwarzenegger","Οι δίδυμοι",6
"Arnold Schwarzenegger","Scavenger Hunt",6
"Arnold Schwarzenegger","Η 6η μέρα",5
"Arnold Schwarzenegger","Κόναν, ο εξολοθρευτής",5
"Arnold Schwarzenegger","This Is America",5
"Arnold Schwarzenegger","How Arnold Won the West",5
"Arnold Schwarzenegger","Ο γύρος του κόσμου σε 80 μέρες",5
"Arnold Schwarzenegger","Feed",5
"Arnold Schwarzenegger","Boardwalk Hempire: The Rise and Fall of the Medical Kush Beach Club",5
"Arnold Schwarzenegger","Sabotage",5
"Arnold Schwarzenegger","Aftermath",5
"Arnold Schwarzenegger","Το τέλος του κόσμου",5
"Arnold Schwarzenegger","Encino Man",5
"Arnold Schwarzenegger","Μείνε πεινασμένος",5
"Arnold Schwarzenegger","The Kid & I",5
"Arnold Schwarzenegger","The Last Party",5
"Arnold Schwarzenegger","Το λυκόφως του τρόμου",5
"Arnold Schwarzenegger","Το ξεκαθάρισμα",5
"Arnold Schwarzenegger","Ένας μπαμπάς, μα τι μπαμπάς!",5
"Arnold Schwarzenegger","Θανάσιμη καταδίωξη",5
"Arnold Schwarzenegger","A Century of Cinema",5
"Arnold Schwarzenegger","Τζακ, Ο Σκανδαλιάρης",5
"Arnold Schwarzenegger","Κάλιντορ, ο μονομάχος",5
"Arnold Schwarzenegger","WMD: Weapon of Mass Destruction",4
"Arnold Schwarzenegger","Killing Gunther",4
"Arnold Schwarzenegger","Junior",4
"Arnold Schwarzenegger","Kambakkht Ishq",4
"Arnold Schwarzenegger","Junket Whore",4
"Arnold Schwarzenegger","Craptastic!",3
"Arnold Schwarzenegger","Batman & Robin",3
"Arnold Schwarzenegger","Ενας γίγας στη Νέα Υόρκη",3
"Arnold Schwarzenegger","Μπερετας Αισλαντ",2
"Sylvester Stallone","John G. Avildsen: King of the Underdogs",9
"Sylvester Stallone","Body of Work",8
"Sylvester Stallone","Ρόκι, τα χρυσά γάντια",8
"Sylvester Stallone","Φύλακες του γαλαξία 2",7
"Sylvester Stallone","Ράμπο: Το πρώτο αίμα",7
"Sylvester Stallone","Κριντ: Η γέννηση ενός θρύλου",7
"Sylvester Stallone","Milius",7
"Sylvester Stallone","Supermensch: The Legend of Shep Gordon",7
"Sylvester Stallone","Ρόκυ II",7
"Sylvester Stallone","Rocky Balboa",7
"Sylvester Stallone","Δέκα δολοφόνοι για τον δετεκτίβε Μαρλόβε",7
"Sylvester Stallone","Bananas",7
"Sylvester Stallone","Τζον Ράμπο",7
"Sylvester Stallone","Son of Rambow",7
"Sylvester Stallone","Cop Land",6
"Sylvester Stallone","Ρόκι IV: Η γιγαντομαχία",6
"Sylvester Stallone","Ρόκι III: Ο θρίαμβος",6
"Sylvester Stallone","Οι αιχμάλωτοι της 2ας λεωφόρου",6
"Sylvester Stallone","Σχέδιο απόδρασης",6
"Sylvester Stallone","Resurrecting the Champ",6
"Sylvester Stallone","Amerika Idol",6
"Sylvester Stallone","Demolition Man",6
"Sylvester Stallone","Antz",6
"Sylvester Stallone","Η μεγάλη απόδραση των 11",6
"Sylvester Stallone","Απρόσκλητος επισκέπτης",6
"Sylvester Stallone","Ράμπο 2: Η αποστολή",6
"Sylvester Stallone","Τάνγκο και Κας",6
"Sylvester Stallone","Βαρομετρικό χαμηλό",6
"Sylvester Stallone","Επιστροφή στο ρινγκ",6
"Sylvester Stallone","Δύο Γυναίκες, Τρεις Βαλίτσες κι Εγώ",6
"Sylvester Stallone","Η απόδραση",6
"Sylvester Stallone","Τα γεράκια",6
"Sylvester Stallone","Πυγμή",6
"Sylvester Stallone","Shade",6
"Sylvester Stallone","Η ώρα των εκτελεστών",6
"Sylvester Stallone","Death Race 2000",6
"Sylvester Stallone","The Square Root",6
"Sylvester Stallone","Night Job",5
"Sylvester Stallone","Ράμπο Νο 3",5
"Sylvester Stallone","Daylight",5
"Sylvester Stallone","Taxi 3",5
"Sylvester Stallone","The Lords of Flatbush",5
"Sylvester Stallone","Βίαιοι δρόμοι",5
"Sylvester Stallone","Love and Mary",5
"Sylvester Stallone","Pigeons",5
"Sylvester Stallone","Κόμπρα",5
"Sylvester Stallone","Όλα για όλα",5
"Sylvester Stallone","Bullet to the Head",5
"Sylvester Stallone","Capone",5
"Sylvester Stallone","Ράτσετ & Κλανκ",5
"Sylvester Stallone","Animal Crackers",5
"Sylvester Stallone","Δικαστής Ντρεντ",5
"Sylvester Stallone","Οι σπεσιαλίστες",5
"Sylvester Stallone","Τρομερά παιχνίδια σε κούρσες θανάτου",5
"Sylvester Stallone","A Century of Cinema",5
"Sylvester Stallone","D-Tox",5
"Sylvester Stallone","Ten Empty",5
"Sylvester Stallone","Ρόκι V",5
"Sylvester Stallone","Zoologikos typos",5
"Sylvester Stallone","Avenging Angelo",5
"Sylvester Stallone","Συλλάβετε τον Κάρτερ",5
"Sylvester Stallone","Άγγιξέ με",4
"Sylvester Stallone","Ο αναρχικός",4
"Sylvester Stallone","The Good Life",4
"Sylvester Stallone","Driven",4
"Sylvester Stallone","Πυρετός τα Μεσάνυχτα",4
"Sylvester Stallone","Deaden",4
"Sylvester Stallone","Τρισδιάστατοι κατάσκοποι",4
"Sylvester Stallone","Ο μπάτσος της... μαμάς",4
"Sylvester Stallone","Kambakkht Ishq",4
"Sylvester Stallone","Junket Whore",4
"Sylvester Stallone","Escape Plan 2: Hades",3
"Sylvester Stallone","Νικ ο καβγατζής",3
"Sylvester Stallone","An Alan Smithee Film: Burn Hollywood Burn",3
"Sylvester Stallone","The Party at Kitty and Stud's",2
